target,cas_type,guide_idx,guide_strand,guide_pam,guide_pam_start,guide_start,guide_len,guide_gc_pct,guide_seq,fp_start,fp_len,fp_gc_pct,fp_seq,rp_start,rp_len,rp_gc_pct,rp_seq,amplicon_len,left_margin_bp,right_margin_bp,amplicon_center_offset_bp,tm_fp_C,tm_rp_C,delta_tm_C,fp_self_dimer_pct,rp_self_dimer_pct,fp_rp_cross_dimer_pct,seed_gc_pct,seed_has_homopolymer,fp_offtarget_score,fp_offtarget_hit,rp_offtarget_score,rp_offtarget_hit,crrna_offtarget_score,crrna_offtarget_hit,flags
toy12a,cas12a,1,+,TTTA,47,51,23,52.2,GGACGTTGACCTGACGTTACGTT,1,30,50.0,CTAGCTGACGTTACGTTGACCTGACGTTAC,95,30,50.0,CGATCGATCGTAACGTCAGGTCAACGTAAC,124,50.0,51.0,0.5,90.0,90.0,0.0,53.3,40.0,70.0,62.5,0,1.000,bg,1.000,bg,1.000,bg,fp_self_dimer=53.3%;fp_rp_cross_dimer=70.0%
toy12a,cas12a,1,+,TTTA,47,51,23,52.2,GGACGTTGACCTGACGTTACGTT,1,30,50.0,CTAGCTGACGTTACGTTGACCTGACGTTAC,97,30,53.3,GCCGATCGATCGTAACGTCAGGTCAACGTA,126,50.0,53.0,1.5,90.0,92.0,2.0,53.3,46.7,63.3,62.5,0,1.000,bg,1.000,bg,1.000,bg,fp_self_dimer=53.3%;rp_self_dimer=46.7%;fp_rp_cross_dimer=63.3%
toy12a,cas12a,1,+,TTTA,47,51,23,52.2,GGACGTTGACCTGACGTTACGTT,1,30,50.0,CTAGCTGACGTTACGTTGACCTGACGTTAC,100,30,53.3,CTAGCCGATCGATCGTAACGTCAGGTCAAC,129,50.0,56.0,3.0,90.0,92.0,2.0,53.3,46.7,53.3,62.5,0,1.000,bg,1.000,bg,1.000,bg,fp_self_dimer=53.3%;rp_self_dimer=46.7%;fp_rp_cross_dimer=53.3%
toy12a,cas12a,1,+,TTTA,47,51,23,52.2,GGACGTTGACCTGACGTTACGTT,1,30,50.0,CTAGCTGACGTTACGTTGACCTGACGTTAC,101,30,53.3,GCTAGCCGATCGATCGTAACGTCAGGTCAA,130,50.0,57.0,3.5,90.0,92.0,2.0,53.3,40.0,50.0,62.5,0,1.000,bg,1.000,bg,1.000,bg,fp_self_dimer=53.3%;fp_rp_cross_dimer=50.0%
toy12a,cas12a,1,+,TTTA,47,51,23,52.2,GGACGTTGACCTGACGTTACGTT,1,30,50.0,CTAGCTGACGTTACGTTGACCTGACGTTAC,95,31,51.6,CCGATCGATCGTAACGTCAGGTCAACGTAAC,125,50.0,52.0,1.0,90.0,94.0,4.0,53.3,38.7,70.0,62.5,0,1.000,bg,1.000,bg,1.000,bg,fp_self_dimer=53.3%;fp_rp_cross_dimer=70.0%
toy12a,cas12a,1,+,TTTA,47,51,23,52.2,GGACGTTGACCTGACGTTACGTT,1,30,50.0,CTAGCTGACGTTACGTTGACCTGACGTTAC,97,31,51.6,AGCCGATCGATCGTAACGTCAGGTCAACGTA,127,50.0,54.0,2.0,90.0,94.0,4.0,53.3,45.2,63.3,62.5,0,1.000,bg,1.000,bg,1.000,bg,fp_self_dimer=53.3%;rp_self_dimer=45.2%;fp_rp_cross_dimer=63.3%
toy12a,cas12a,1,+,TTTA,47,51,23,52.2,GGACGTTGACCTGACGTTACGTT,1,30,50.0,CTAGCTGACGTTACGTTGACCTGACGTTAC,100,31,54.8,GCTAGCCGATCGATCGTAACGTCAGGTCAAC,130,50.0,57.0,3.5,90.0,96.0,6.0,53.3,45.2,53.3,62.5,0,1.000,bg,1.000,bg,1.000,bg,fp_self_dimer=53.3%;rp_self_dimer=45.2%;fp_rp_cross_dimer=53.3%
toy12a,cas12a,1,+,TTTA,47,51,23,52.2,GGACGTTGACCTGACGTTACGTT,1,30,50.0,CTAGCTGACGTTACGTTGACCTGACGTTAC,95,32,53.1,GCCGATCGATCGTAACGTCAGGTCAACGTAAC,126,50.0,53.0,1.5,90.0,98.0,8.0,53.3,43.8,70.0,62.5,0,1.000,bg,1.000,bg,1.000,bg,fp_self_dimer=53.3%;rp_self_dimer=43.8%;fp_rp_cross_dimer=70.0%
toy12a,cas12a,1,+,TTTA,47,51,23,52.2,GGACGTTGACCTGACGTTACGTT,1,30,50.0,CTAGCTGACGTTACGTTGACCTGACGTTAC,97,32,50.0,TAGCCGATCGATCGTAACGTCAGGTCAACGTA,128,50.0,55.0,2.5,90.0,96.0,6.0,53.3,43.8,63.3,62.5,0,1.000,bg,1.000,bg,1.000,bg,fp_self_dimer=53.3%;rp_self_dimer=43.8%;fp_rp_cross_dimer=63.3%
toy12a,cas12a,1,+,TTTA,47,51,23,52.2,GGACGTTGACCTGACGTTACGTT,1,30,50.0,CTAGCTGACGTTACGTTGACCTGACGTTAC,95,33,51.5,AGCCGATCGATCGTAACGTCAGGTCAACGTAAC,127,50.0,54.0,2.0,90.0,100.0,10.0,53.3,42.4,70.0,62.5,0,1.000,bg,1.000,bg,1.000,bg,fp_self_dimer=53.3%;rp_self_dimer=42.4%;fp_rp_cross_dimer=70.0%
toy12a,cas12a,1,+,TTTA,47,51,23,52.2,GGACGTTGACCTGACGTTACGTT,1,30,50.0,CTAGCTGACGTTACGTTGACCTGACGTTAC,97,33,51.5,CTAGCCGATCGATCGTAACGTCAGGTCAACGTA,129,50.0,56.0,3.0,90.0,100.0,10.0,53.3,42.4,63.3,62.5,0,1.000,bg,1.000,bg,1.000,bg,fp_self_dimer=53.3%;rp_self_dimer=42.4%;fp_rp_cross_dimer=63.3%
toy12a,cas12a,1,+,TTTA,47,51,23,52.2,GGACGTTGACCTGACGTTACGTT,1,30,50.0,CTAGCTGACGTTACGTTGACCTGACGTTAC,95,34,50.0,TAGCCGATCGATCGTAACGTCAGGTCAACGTAAC,128,50.0,55.0,2.5,90.0,102.0,12.0,53.3,41.2,70.0,62.5,0,1.000,bg,1.000,bg,1.000,bg,fp_self_dimer=53.3%;rp_self_dimer=41.2%;fp_rp_cross_dimer=70.0%;delta_tm_high=12.0C
toy12a,cas12a,1,+,TTTA,47,51,23,52.2,GGACGTTGACCTGACGTTACGTT,1,30,50.0,CTAGCTGACGTTACGTTGACCTGACGTTAC,97,34,52.9,GCTAGCCGATCGATCGTAACGTCAGGTCAACGTA,130,50.0,57.0,3.5,90.0,104.0,14.0,53.3,41.2,63.3,62.5,0,1.000,bg,1.000,bg,1.000,bg,fp_self_dimer=53.3%;rp_self_dimer=41.2%;fp_rp_cross_dimer=63.3%;delta_tm_high=14.0C
toy12a,cas12a,1,+,TTTA,47,51,23,52.2,GGACGTTGACCTGACGTTACGTT,1,30,50.0,CTAGCTGACGTTACGTTGACCTGACGTTAC,95,35,51.4,CTAGCCGATCGATCGTAACGTCAGGTCAACGTAAC,129,50.0,56.0,3.0,90.0,106.0,16.0,53.3,40.0,70.0,62.5,0,1.000,bg,1.000,bg,1.000,bg,fp_self_dimer=53.3%;fp_rp_cross_dimer=70.0%;delta_tm_high=16.0C
toy12a,cas12a,1,+,TTTA,47,51,23,52.2,GGACGTTGACCTGACGTTACGTT,0,31,51.6,GCTAGCTGACGTTACGTTGACCTGACGTTAC,95,30,50.0,CGATCGATCGTAACGTCAGGTCAACGTAAC,125,51.0,51.0,0.0,94.0,90.0,4.0,51.6,40.0,70.0,62.5,0,1.000,bg,1.000,bg,1.000,bg,fp_self_dimer=51.6%;fp_rp_cross_dimer=70.0%
toy12a,cas12a,1,+,TTTA,47,51,23,52.2,GGACGTTGACCTGACGTTACGTT,0,31,51.6,GCTAGCTGACGTTACGTTGACCTGACGTTAC,97,30,53.3,GCCGATCGATCGTAACGTCAGGTCAACGTA,127,51.0,53.0,1.0,94.0,92.0,2.0,51.6,46.7,63.3,62.5,0,1.000,bg,1.000,bg,1.000,bg,fp_self_dimer=51.6%;rp_self_dimer=46.7%;fp_rp_cross_dimer=63.3%
toy12a,cas12a,1,+,TTTA,47,51,23,52.2,GGACGTTGACCTGACGTTACGTT,0,31,51.6,GCTAGCTGACGTTACGTTGACCTGACGTTAC,100,30,53.3,CTAGCCGATCGATCGTAACGTCAGGTCAAC,130,51.0,56.0,2.5,94.0,92.0,2.0,51.6,46.7,53.3,62.5,0,1.000,bg,1.000,bg,1.000,bg,fp_self_dimer=51.6%;rp_self_dimer=46.7%;fp_rp_cross_dimer=53.3%
toy12a,cas12a,1,+,TTTA,47,51,23,52.2,GGACGTTGACCTGACGTTACGTT,0,31,51.6,GCTAGCTGACGTTACGTTGACCTGACGTTAC,101,30,53.3,GCTAGCCGATCGATCGTAACGTCAGGTCAA,131,51.0,57.0,3.0,94.0,92.0,2.0,51.6,40.0,50.0,62.5,0,1.000,bg,1.000,bg,1.000,bg,fp_self_dimer=51.6%;fp_rp_cross_dimer=50.0%
toy12a,cas12a,1,+,TTTA,47,51,23,52.2,GGACGTTGACCTGACGTTACGTT,0,31,51.6,GCTAGCTGACGTTACGTTGACCTGACGTTAC,95,31,51.6,CCGATCGATCGTAACGTCAGGTCAACGTAAC,126,51.0,52.0,0.5,94.0,94.0,0.0,51.6,38.7,67.7,62.5,0,1.000,bg,1.000,bg,1.000,bg,fp_self_dimer=51.6%;fp_rp_cross_dimer=67.7%
toy12a,cas12a,1,+,TTTA,47,51,23,52.2,GGACGTTGACCTGACGTTACGTT,0,31,51.6,GCTAGCTGACGTTACGTTGACCTGACGTTAC,97,31,51.6,AGCCGATCGATCGTAACGTCAGGTCAACGTA,128,51.0,54.0,1.5,94.0,94.0,0.0,51.6,45.2,61.3,62.5,0,1.000,bg,1.000,bg,1.000,bg,fp_self_dimer=51.6%;rp_self_dimer=45.2%;fp_rp_cross_dimer=61.3%
toy12a,cas12a,1,+,TTTA,47,51,23,52.2,GGACGTTGACCTGACGTTACGTT,0,31,51.6,GCTAGCTGACGTTACGTTGACCTGACGTTAC,100,31,54.8,GCTAGCCGATCGATCGTAACGTCAGGTCAAC,131,51.0,57.0,3.0,94.0,96.0,2.0,51.6,45.2,51.6,62.5,0,1.000,bg,1.000,bg,1.000,bg,fp_self_dimer=51.6%;rp_self_dimer=45.2%;fp_rp_cross_dimer=51.6%
toy12a,cas12a,1,+,TTTA,47,51,23,52.2,GGACGTTGACCTGACGTTACGTT,0,31,51.6,GCTAGCTGACGTTACGTTGACCTGACGTTAC,95,32,53.1,GCCGATCGATCGTAACGTCAGGTCAACGTAAC,127,51.0,53.0,1.0,94.0,98.0,4.0,51.6,43.8,67.7,62.5,0,1.000,bg,1.000,bg,1.000,bg,fp_self_dimer=51.6%;rp_self_dimer=43.8%;fp_rp_cross_dimer=67.7%
toy12a,cas12a,1,+,TTTA,47,51,23,52.2,GGACGTTGACCTGACGTTACGTT,0,31,51.6,GCTAGCTGACGTTACGTTGACCTGACGTTAC,97,32,50.0,TAGCCGATCGATCGTAACGTCAGGTCAACGTA,129,51.0,55.0,2.0,94.0,96.0,2.0,51.6,43.8,61.3,62.5,0,1.000,bg,1.000,bg,1.000,bg,fp_self_dimer=51.6%;rp_self_dimer=43.8%;fp_rp_cross_dimer=61.3%
toy12a,cas12a,1,+,TTTA,47,51,23,52.2,GGACGTTGACCTGACGTTACGTT,0,31,51.6,GCTAGCTGACGTTACGTTGACCTGACGTTAC,95,33,51.5,AGCCGATCGATCGTAACGTCAGGTCAACGTAAC,128,51.0,54.0,1.5,94.0,100.0,6.0,51.6,42.4,67.7,62.5,0,1.000,bg,1.000,bg,1.000,bg,fp_self_dimer=51.6%;rp_self_dimer=42.4%;fp_rp_cross_dimer=67.7%
toy12a,cas12a,1,+,TTTA,47,51,23,52.2,GGACGTTGACCTGACGTTACGTT,0,31,51.6,GCTAGCTGACGTTACGTTGACCTGACGTTAC,97,33,51.5,CTAGCCGATCGATCGTAACGTCAGGTCAACGTA,130,51.0,56.0,2.5,94.0,100.0,6.0,51.6,42.4,61.3,62.5,0,1.000,bg,1.000,bg,1.000,bg,fp_self_dimer=51.6%;rp_self_dimer=42.4%;fp_rp_cross_dimer=61.3%
toy12a,cas12a,1,+,TTTA,47,51,23,52.2,GGACGTTGACCTGACGTTACGTT,0,31,51.6,GCTAGCTGACGTTACGTTGACCTGACGTTAC,95,34,50.0,TAGCCGATCGATCGTAACGTCAGGTCAACGTAAC,129,51.0,55.0,2.0,94.0,102.0,8.0,51.6,41.2,67.7,62.5,0,1.000,bg,1.000,bg,1.000,bg,fp_self_dimer=51.6%;rp_self_dimer=41.2%;fp_rp_cross_dimer=67.7%
toy12a,cas12a,1,+,TTTA,47,51,23,52.2,GGACGTTGACCTGACGTTACGTT,0,31,51.6,GCTAGCTGACGTTACGTTGACCTGACGTTAC,97,34,52.9,GCTAGCCGATCGATCGTAACGTCAGGTCAACGTA,131,51.0,57.0,3.0,94.0,104.0,10.0,51.6,41.2,61.3,62.5,0,1.000,bg,1.000,bg,1.000,bg,fp_self_dimer=51.6%;rp_self_dimer=41.2%;fp_rp_cross_dimer=61.3%
toy12a,cas12a,1,+,TTTA,47,51,23,52.2,GGACGTTGACCTGACGTTACGTT,0,31,51.6,GCTAGCTGACGTTACGTTGACCTGACGTTAC,95,35,51.4,CTAGCCGATCGATCGTAACGTCAGGTCAACGTAAC,130,51.0,56.0,2.5,94.0,106.0,12.0,51.6,40.0,67.7,62.5,0,1.000,bg,1.000,bg,1.000,bg,fp_self_dimer=51.6%;fp_rp_cross_dimer=67.7%;delta_tm_high=12.0C
