forward_primer,backward_primer,crrna,fp_tm_C,rp_tm_C,delta_tm_C,fp_self_dimer_pct,rp_self_dimer_pct,fp_rp_cross_dimer_pct,fp_3p_self_run,rp_3p_self_run,fp_rp_3p_cross_run,seed_len,seed_max_run,seed_gc_pct,guide_mfe_kcal,overlap_protospacer,overlap_pam,Experimental_Outcome
CTACTGTAACTGGTTGACCATATGCCTTACT,CAGCAACTGCCATCCGTGGTACATATTCAAAC,UAAUUUCUACUAAGUGUAGAUACAAUAACCGCUGGUUUGAA,70.24377,73.78026,3.536499,74.19355,75,80.64516,1,1,0,8,3,12.5,-5.7,0,0,Yes
CTTTAACAATAACCGCTGGTTTGAATATGT,CAAACCAGCGGTTATTGTTAAAGGGTAGAT,UAAUUUCUACUAAGUGUAGAUACAAUAACCGCUGGUUUGAA,67.33819,69.89952,2.561333,60,93.33333,83.33333,1,1,0,8,3,12.5,-5.7,0,0,No
CCTTTAACAATAACCGCTGGTTTGAATATGT,GCGCTACTAAGTTCAGGTTGCTTTCAAGTT,UAAUUUCUACUAAGUGUAGAUACAAUAACCGCUGGUUUGAA,68.90993,71.95446,3.044523,67.74194,80,56.66667,1,2,0,8,3,12.5,-5.7,0,0,No
CAACAAACAAACTGACGGGTTAAAGGATCTA,TAAGTTCAGGTTGCTTTCAAGTTCATCGTA,UAAUUUCUACUAAGUGUAGAUACAAUAACCGCUGGUUUGAA,69.98536,69.3303,0.655064,87.09677,46.66667,93.33333,1,1,2,8,3,12.5,-5.7,0,0,No
AATCTGTAACTGTGGCAGCAGGTTATACTCA,AGTACCATAAGAGTAGTTTCCATACACGCCA,UAAUUUCUACUAAGUGUAGAUUACAACACCAUGACCACCAUCAA,71.84838,71.27122,0.577162,67.74194,67.74194,80.64516,1,1,0,8,3,12.5,-4.7,0,0,Yes
GGTGTATACTTTGGTCTTAAATATGTCAACG,AGTACCATAAGAGTAGTTTCCATACACGCCA,UAAUUUCUACUAAGUGUAGAUUACAACACCAUGACCACCAUCAA,66.89821,71.27122,4.373008,61.29032,67.74194,77.41935,1,1,0,8,3,12.5,-4.7,0,0,No
TAAGAAAGACAAAGATGGTGTATACTTTGGT,TGTCTTTGTTCTTGATTAAACGACCTTCAA,UAAUUUCUACUAAGUGUAGAUUACAACACCAUGACCACCAUCAA,67.27406,68.20118,0.927124,67.74194,73.33333,73.33333,1,2,1,8,3,12.5,-4.7,0,0,No
GTAGCTGTTGATGGTGGTCATGGTGTTGTAAA,CACCTAACATGAATTGATGAGCTGTTGCTT,UAAUUUCUACUAAGUGUAGAUUACAACACCAUGACCACCAUCAA,73.02741,70.4688,2.558616,81.25,66.66667,80,3,2,2,8,3,12.5,-4.7,0,0,No
AATCTGTAACTGTGGCAGCAGGTTATACTCA,AGTACCATAAGAGTAGTTTCCATACACGCCA,UAAUUUCUACUAAGUGUAGAUAUGUUACUCCAAAAUCUGGCGTG,71.84838,71.27122,0.577162,67.74194,67.74194,80.64516,1,1,0,8,3,12.5,-7.8,0,0,No
TAATACGACTCACTATAGGGGATTGGTTATTGGAATAGACAAACTCGCTA,GACCTTGAATTGTCTCTTGATTGATTAACT,GAUUUAGACUACCCCAAAAACGAAGGGGACUAAAACACCUAAGUAGUAGAAGAACCACCUUUCA,76.35314,66.50983,9.843317,68,86.66667,80,1,1,1,8,3,25,-7.5,0,0,Yes
TAATACGACTCACTATAGGGAATAGGTAACAGGGATCAACAGATTGGTTA,CTTGAATTGTCTCTTGATTGATTAACTTCA,GAUUUAGACUACCCCAAAAACGAAGGGGACUAAAACUGGAUUCAUUAUUAGCACCACGACUACC,76.059,65.2067,10.85231,64,73.33333,63.33333,1,1,0,8,3,25,-7.5,0,0,No
TAATACGACTCACTATAGGGGATTGGTTATTGGAATAGACAAACTCGCTA,ACCTTGAATTGTCTCTTGATTGATTAACTT,GAUUUAGACUACCCCAAAAACGAAGGGGACUAAAACACCUAAGUAGUAGAAGAACCACCUUUCA,76.35314,66.27584,10.0773,68,60,70,1,2,1,8,3,25,-7.5,0,0,No
ATGAATTACAGAGAATTGTTTACAG,GGCACACTCACATCAATCGT,UAAUUUCUACUAAGUGUAGAUCTTCTGTTACCTCGTTCGA,60.0125,65.00564,4.99314,68,90,65,1,1,0,8,3,12.5,-4.7,0,0,Yes
CGCCTGCTCCCTACTTGT,GGCACACTCACATCAATCGT,UAAUUUCUACUAAGUGUAGAUCTTCTGTTACCTCGTTCGA,65.76932,65.00564,0.76367,100,90,61.11111,1,1,0,8,3,12.5,-4.7,0,0,Yes
ATGAATTACAGAGAATTGTTTACAG,GGCACACTCACATCAATCGT,UAAUUUCUACUAAGUGUAGAUCTTCTGTTACCTCGTTCGA,60.0125,65.00564,4.99314,68,90,65,1,1,0,8,3,12.5,-4.7,0,0,No
CGCCTGCTCCCTACTTGT,GGCACACTCACATCAATCGT,UAAUUUCUACUAAGUGUAGAUCTTCTGTTACCTCGTTCGA,65.76932,65.00564,0.76367,100,90,61.11111,1,1,0,8,3,12.5,-4.7,0,0,No
ACTCACACAGAAGCAGAGGCTTCCAGCATCC,ATCAAGATCTGAACTCGTAGGAGCTCTAGTA,UAAUUUCUACUAAGUGUAGAUGCUAAAGAUCCAUACAGAUCUG,77.21868,70.12981,7.088865,80.64516,61.29032,77.41935,2,1,0,8,3,12.5,-8.9,0,0,Yes
ACTCACACAGAAGCAGAGGCTTCCAGCATCC,GGAGCTCTAGTAGTGTTTTGTTCATTCGTTA,UAAUUUCUACUAAGUGUAGAUGCUAAAGAUCCAUACAGAUCUG,77.21868,69.2348,7.983876,80.64516,87.09677,70.96774,2,1,0,8,3,12.5,-8.9,0,0,No
ACTCACACAGAAGCAGAGGCTTCCAGCATCC,CTGAACTCGTAGGAGCTCTAGTAGTGTTTTG,UAAUUUCUACUAAGUGUAGAUGCUAAAGAUCCAUACAGAUCUG,77.21868,70.43663,6.782044,80.64516,67.74194,74.19355,2,1,1,8,3,12.5,-8.9,0,0,No
GAAATTAATACGACTCACTATAGGGACTAAACTCGTGGTTCCTGTGGTTCACAC,CTCCCCACCGTCCTTATTGCCAGTTCGCT,GAUUUAGACUACCCCAAAAACGAAGGGGACUAAAACCCCUGAAGCGCUCCUCCGAGCCGCCUUC,78.58192,77.63253,0.949382,74.07407,79.31034,86.2069,1,1,0,8,3,25,-14.7,0,0,Yes
GAAATTAATACGACTCACTATAGGGAGTAATTCCCGCCGAAACAGGGTTTTCAC,TTCTCGGGAGCTTCAGTTGTTTCCACCGGGTA,GAUUUAGACUACCCCAAAAACGAAGGGGACUAAAACAGGGGGCGAGGGGUGGUCCUGCGGGCGC,78.9961,77.84124,1.154865,77.77778,50,87.5,1,1,0,8,3,25,-14.6,0,0,Yes
GAAATTAATACGACTCACTATAGGGTAGGGAAAAGAAAGGGGAAGCAAGCATCTC,CTGCTGGGATTACTCCTGTCAGAAGACGGT,GAUUUAGACUACCCCAAAAACGAAGGGGACUAAAACCUUCUCCGCCCGGUCUGUCCAGGUUUCC,78.59287,74.96533,3.627536,67.27273,73.33333,80,1,1,0,8,3,25,-11.4,0,0,Yes
GAAATTAATACGACTCACTATAGGGAAACAGGGTTTTCACCCTTCCTTTCTTCG,GCACCTCTGTCAGTTGTATCCACCGGGTAG,GAUUUAGACUACCCCAAAAACGAAGGGGACUAAAACGUGCGCGAGAAGGCCGACGCGGACCGGU,78.08977,75.49648,2.593283,81.48148,73.33333,73.33333,1,1,0,8,3,25,-14.4,0,0,Yes
GAAATTAATACGACTCACTATAGGGCCATGCAAAAGAAAAAAGAACGGGAGGG,CTCCTGTCTGAACAGGGCAACGCCCTCGAC,GAUUUAGACUACCCCAAAAACGAAGGGGACUAAAACGCUCGGUCUGAGUUGCCCCGGGGCUCCU,78.80453,79.20309,0.398554,73.58491,73.33333,83.33333,3,1,1,8,3,25,-16.4,0,0,Yes
GAAATTAATACGACTCACTATAGGGCAGCTGAAACAGGGTTTTCACCCTTCC,CCGTGGAGTCGAAGCTTCAGTTGTTTCC,GAUUUAGACUACCCCAAAAACGAAGGGGACUAAAACGGCGAGCGCCGAAGACCUUCCGGCGAGA,79.4649,73.67715,5.787757,61.53846,64.28571,78.57143,2,2,0,8,3,25,-14.8,0,0,Yes
GAAATTAATACGACTCACTATAGGGGTGGTTCCTGTGGTTCACACCTGACCTCC,CCTGTTTCGCCTTCCACAAGCTCCCTGC,GAUUUAGACUACCCCAAAAACGAAGGGGACUAAAACGUUUCCCCGGGGAUCCCUGAAGCGCUCC,81.12578,77.37961,3.746164,74.07407,78.57143,85.71429,2,1,0,8,3,25,-15.5,0,0,Yes
GAAATTAATACGACTCACTATAGGGGGTGGTTCCTGTGGTTCACACCTGACCTCC,CAGCGGGGATTACTCCTGTCTGGGAGAC,GAUUUAGACUACCCCAAAAACGAAGGGGACUAAAACGGGAUCCCUGAAGCGCUCCUUUGGCCGC,81.79555,75.48848,6.307072,74.54545,92.85714,75,2,1,0,8,3,25,-12.5,0,0,Yes
ATACCTCACCCAGAATCCCCAGCTTGGAAT,GGTTTGAGGTTTGRGATCTTTTTTGGTTGTCTT,UAAUUUCUACUAAGUGUAGAUCAGGUUUUUUGUUUGGUAUU,74.9677,72.1967,6.706732,53.33333,93.93939,83.33333,1,2,0,8,3,12.5,-4.7,0,0,Yes
CACTGCCAGTACTCTAGAAAAGACCTGGGA,CTGCCTTTGGTTTGTGCTGTTGTATGGTGT,UAAUUUCUACUAAGUGUAGAUGCAAUGAUAAUCUCAACCUC,73.09636,74.06449,0.968125,66.66667,73.33333,76.66667,1,1,1,8,3,12.5,-4.7,0,0,Yes